Name,Forward primer,Reverse primer,Size,TM,Sequence Origin,Tapido,Ningyou7,LG
BN-EST1,CAACAGCAACAAGGCCAACT,AGGCAATGTGTCCGAGTCAA,124,55,AM056728:136,,,
BN-EST3,TCAAAGCTGAGGGTGTGGAG,AGGGACAAATCCAGCCAGTC,130,55,AM056955:312,,,
BN-EST4,CAAGCTACTTGTCGGAATGGA,CGGCTTAACGATTCAGGAGA,80,54,AM057018:269,,,
BN-EST5,AAGAAACCCAGAGCCACGAC,TCGAATCCTGAGGTCTCTCTCTT,118,55,AM057188:105,,,
BN-EST6,GATCAAGCAAAGGCGAATCA,TGGAGTGCCAAGAAGAGACG,84,55,AM057378:186,,,
BN-EST7,GTTCAACGCGATCATATGGG,GAAACCGAGGCTCCGAATAC,143,55,AM057425:78,,,
BN-EST8,CAGCGAGCTTTGCTGATTTC,TGAGCATATCGCACCTGTCTT,98,55,AM057770:269,,,
BN-EST9,TCCAAAAGACAAGCAAGCAAA,GGTAGACTCTTGTCTCCACCCTC,72,55,AM057831:90,,,
BN-EST10,TAGCGACAATGGTGGTTGGT,TACATGGAACCCTGCGGTAA,125,55,AM057995:221,,,
BN-EST11,TACATCTGCGGCGTCTGC,GCTCGTGAAGCTGCTTGAAA,76,55,AM058183:141,,,
BN-EST13,AGTGCCCTCGATCTAATGGG,AAGCCTTAGCCACATTTCCC,129,55,AM058267:242,,,
BN-EST16,CAGGACCAAAACGCAAAAGA,GCTCAGCTATGGAGATGGCA,111,55,AM058461:195,,,
BN-EST17,ATATGCAAATTCACATGAGTGGG,GGCATGGTCACTGATGCCA,70,55,AM058462:177,,,
BN-EST18,ATCCAACCAAGGAAACCGAG,TACGGCGTCGTCTTGTCTTT,105,55,AM058801:51,,,
BN-EST19,TGGGTACGGAAGCGTGTATC,CGGGTGACGAATCTTGCTAA,133,55,AM059023:209,,,
BN-EST20,CGTGAAGCTCAAGGAAGACTG,TTTCATCTCAGCGTTACTGCG,100,55,AM059028:138,,,
BN-EST21,TAGAGGTTTCTACAGCGGCG,CCCCTGAAGCTTGCTCACTT,122,55,AM059206:116,,,
BN-EST22,TGCTACCGGTGTGGAAACAT, TCGACTTGTCTTGGAGCTGG,95,55,AM059296:35,,,
BN-EST23,AAGGAGGAGATTGTCACCGC,CCATGATTCAATCCATTCCG,90,55,AM059656:269,,,
BN-EST24,ACCAAACGTCATAGATCCTGCT,TAACTCGGTTCTGGCTGCAC,102,55,AM059702:21,,,
BN-EST27,GACGGTTGAAAAACGTCACC,TGTTCCAACGAAACCATTCC,94,54,AM060153:98,,,
BN-EST28,GTGGATTAACGGCAAGCAAA,GAAGTAATCGGCGAGCTTCA,85,55,AM060222:191,,,
BN-EST29,GAAGATCATGGGGACGTTGA,TCGGCAACAAAACTTTATCCA,83,54,AM060227:461,,,
BN-EST31,AATTGCCCGTAAGGTGTGTG,TGGACGAGGCTTGTGAAAAA,112,55,AM060585:349,,,
BN-EST32,TCATCGAGAAAGCGAGATGG,GAAAATACTTTCCTCGCCGC,110,55,AM061104:81,,,
BN-EST33,TGATCAAGCACTGGAAAGGC,CGATCCCAACATTTCCAACA,149,55,AM061214:187,,,
BN-EST34,ATGTTCAGCCGGAAAATGTG,ACACGGTGCCACGATGTGTT,70,55,AM061225:532,,,
BN-EST35,AAGTACTGTTTGTTGGGCCG,TCTCTCCTTCCTCTTCGCCT,90,54,AM061328:238,,,
BN-EST36,GCCATGCCTAAAACCTCTGC,TTGCAATCACCCTTGTGAAAG,81,55,AM061598:625,,,
BN-EST37,GGAATTGGAGATCCGAAGGA,GCAGCTAGGCTTGAGGCTCT,109,55,AM061609:68,,,
BN-EST38,ATTCGTGTAGCCTGAGCGTG,CGAAGGAGGTGATTCAGCAG,121,55,AM061802:24,,,
BN-EST39,TGGACGACGAAGGACTGAAG,GCATCATATCATGAGCAACACC,84,54,AM061907:114,,,
BN-EST40,ATATGGTTCGGATTTCGGGT,AAAAACATTCATCTCATGTTTCTTCA,148,55,AM062005:197,,,
FPBPN0019,GCAACAGCGAGCCAGTACAT,GCGAAGACGTGGTTTGTGTC,71,55,AM062056:450,C[10] ,C[3] G[1] ,
FPBPN0020,TCCAACAGAAGCAAAGGTTCA,GCAAGCCTTTCAAAGCATTTT,146,55,AM062062:246,T[2] G[4] ,G[4] ,
FPBPN0021,GAACCAGCCACCTAAGCCTC,TCTCCTGCCTTGAGAAGATGTC,89,55,AM062256:461,C[1] G[11] ,C[5] ,
FPBPN0022,CTGTCAAGATGTTACCAATGATGG,AGCCGGTTTTAGATCTTTCTTGA,70,55,AM062336:174,A[6] ,A[5] G[2] ,
FPBPN0023,TTGGCGTATTCCCACAGATG,CGCAGACGGTTGTTGACTTT,95,55,AM062424:531,A[3] ,A[2] C[2] ,
FPBPN0024,TGTGCCCTCCTCTCTTTCCT,GTGTAGCGACTTGGACCGTG,88,55,AM062438:44,A[3] ,A[2] G[4] ,
FPBPN0025,AGGCGTCTAGTGTTGGAGGG,TGAGTGTCTCCAGCGGTAGC,124,55,AM062591:534,T[2] G[28] ,A[3] T[2] ,
FPBPN0026,CGAGTTCAGCTAGCCCTCCT,TGGGGTTTTGGAGGCTCTAT,94,55,AM385064:688,C[2] ,T[4] C[2] ,
FPBPN0027,TACAGTTGCCTCGATTTCCG,ATCTTAGCATCTCCACCGGC,150,55,AM385154:421,A[8] ,A[17] G[36] ,
FPBPN0028,GAATTGCCCTCTTGCTTGGT,TACTCCCCATGTTAAGCCCC,80,55,AM385492:48,C[2] ,T[4] ,
FPBPN0029,CCCTTTCCTTGTTTCCCATC, TTAGCATCCAAGTGGCGTTC,122,55,AM386167:341,T[7] C[5] ,T[5] ,
FPBPN0030,GTGGCCACTGACACAAGAGG, ACAGAACCATCTTCCCTCGG,123,55,AM386208:124,C[1] G[2] ,G[4] ,
FPBPN0031,GAGCTGAGGAAAGGAGGAAGA,TTCTTGGCTTCTGCTGCTTC,110,54,AM386330:278,T[5] ,T[7] C[3] ,
FPBPN0032,GACCTTAAATCCCGTCTGGG,CCAAACCTCTCTGTCCCGAT,121,55,AM386723:134,A[6] ,C[9] ,
FPBPN0033,GCATATTTACCTTTGGCGCA,ATAACCGATGGCACTACCCC,78,55,AM387109:207,T[11] C[7] ,T[7] ,
FPBPN0034,AGCCAAAGCCTCAAGAGGAA,CACCTTGCTGAACAGGTGGT,93,55,AM387178:14,A[1] ,A[1] T[3] ,
FPBPN0035,TGTTTCGAGTGTGCTGACCA,ATCGAATGGCTCACAAGCAG,94,55,AM387419:383,A[3] G[2] ,G[5] ,
FPBPN0036,TTTTTGTATCGTAATGAATACACTTG,GGGGAATAACAGTGTGTCCG,99,54,AM387474:132,A[1] G[5] ,A[10] ,
FPBPN0037,GAGGAAGCCGTAGGCATGAT,AAGAAACGTACAACGACGCAA,122,55,AM387835:245,A[7] ,A[2] G[3] ,
FPBPN0038,TCGTGATGCCTATGGTATCGT,GACAAAATCTTGGCCCGTTC,73,55,AM387980:297,C[3] ,T[4] C[1] ,
FPBPN0039,TGGAAGCATGAAGACATTTGAA,CGACCTCTTTTGTTTCTGCG,70,55,AM388140:248,A[3] T[2] ,A[6] ,
FPBPN0040,AACGTTGCTGTTGAATTGGC,CAAGAGCCATCATGAACCCA,82,55,AM388500:426,T[1] ,T[4] C[15] ,
FPBPN0041,GCGGATACACGAAGGAAACA,GCGGTGACCACAAATTTCAC,148,55,AM388525:172,G[6] ,C[2] G[3] ,
FPBPN0042,TTGCATTGTACACAGCTTCCA,ATCGGATCTAGGTCGCCATC,73,55,AM388606:536,A[4] ,A[5] G[4] ,
FPBPN0043,TTTGAAAAACGCAGAGGTGG,ACTTGCTGCTGCCAGAAAAC,100,55,AM388629:427,A[5] G[3] ,G[6] ,
FPBPN0044,GCTTCAAATGCAAAGCAAGG,GCTTAGACACCGACTTGCCA,94,55,AM388724:45,T[3] ,T[3] C[6] ,
FPBPN0045,ACCACCAAACCATAGCAACG,TCTGTTTGCTGGTTTCAGCC,130,55,AM389039:312,T[2] ,A[3] T[7] ,
FPBPN0046,GAAAGCAATGAAGACGACGAA,GACATCCTGAGGAAATGGGC,108,55,AM389311:63,A[6] ,A[7] G[12] ,
FPBPN0047,GGGGACTTGATTTGCAGACAG,TAAACCGGTCCAAAACCTCC,109,55,AM389660:339,A[6] ,A[3] G[9] ,
FPBPN0048,ATGGCGCGACTGGTCTGTTA,TTAGCAGGCTCACCATCCTT,70,55,AM389711:171,T[1] C[8] ,T[4] ,
FPBPN0049,GCTATGCCGCCACATCATAC,TGACGGATGTAAGTCCACCAG,81,55,AM389764:96,C[16] ,T[4] C[10] ,
FPBPN0050,GCCTTCCTCGTTCCTACACC,CAGCGCTTCTACAAGGAACG,97,55,AM389810:223,T[2] G[3] ,T[6] ,
FPBPN0051,CCATACCGTGGTGTCATCGT,TTTCCGCTTGCCATGAATAG,86,55,AM389939:29,G[8] ,A[6] ,
FPBPN0052,GATCGATCTCAAGGACTGCG,CGGATCCATCTCGTTTTTGA,70,55,AM389957:440,T[3] C[6] ,C[6] ,
FPBPN0053,GCGTAACATGCCCTGTCTGT,CACATGTAAGGACGGCAACC,91,55,AM390031:255,A[14] G[12] ,G[29] ,
FPBPN0054,GTGCTGTTACCGATTGGTGG,CTGAACACTTCCAGAACGGACT,72,55,AM390196:320,T[8] ,T[2] G[14] ,
FPBPN0055,CCGCCGTCCCTAAAATAGTAA,TGATACCATGCTACTGTCCCG,73,55,AM390315:497,A[3] ,A[2] G[3] ,
FPBPN0056,GTGAGATCATGGGTCGTTCG,ATCTTTCCTTCAAGCAGCGG,142,55,AM390511:154,T[4] ,T[3] G[2] ,
FPBPN0057,TCGTCCGCTGTATCATCCTC,TTTCAACGAATGATCAATGGAA,81,55,AM390515:404,T[3] G[2] ,A[2] G[2] ,
FPBPN0058,AGGAGGTTTTGCTGGTGGAT,CTTAGAGCCGTCGTAACATGG,70,54,AM391381:307,T[25] ,T[26] C[32] ,
FPBPN0059,CGGAACTCATGGATAAAGGGT,GCAGGACCATCAGGTTCATC,129,54,AM391466:119,T[30] ,A[19] T[28] ,
FPBPN0060,GTAGGCAAGCCTGTGTTCCA,GAACCACCCATTGATGTCCA,92,55,AM391482:182,T[8] ,T[9] C[5] ,
FPBPN0061,ATGGAGTGGAAAGGTGGAGC,TGCATGCTGACGACTCTCCT,72,55,AM391567:69,G[2] ,A[2] G[4] ,
FPBPN0062,GTACGACCGTGGCAACAAAC,ATATCAGGGCGAGCTTGGTT,115,55,AM391954:41,A[2] C[25] ,A[13] G[42] ,
FPBPN0063,TGTTGCATCAGGTGCATGAG,ACCCTCTTCGTCGATGTTCC,143,55,AM392019:155,A[4] C[1] ,A[2] ,
FPBPN0064,CATCATCTATTGCGGCTGCT,CCGGCATGCTTCCTATGTAA,114,55,AM392044:590,A[3] T[9] C[23] ,A[3] C[46] ,
FPBPN0065,GGCCTCAGGGTTTTGGTGTA,CAAAGACTTTCCCCATTTGGT,72,55,AM393950:183,T[4] ,T[5] C[8] ,
FPBPN0066,CGTTGTGTGCAGATCAATAGAAG,TCCAACTCTCCCACACATCAA,73,54,AM394320:316,A[12] ,G[8] ,
FPBPN0067,GAGTCCTGCATGGTCAAGGA,CGGGGATGTTGAGGATAAGG,86,55,AM394430:207,A[3] G[1] ,T[4] ,
FPBPN0068,TTCATATGCGCGGTTTCTTT,GGACCCGTGAAGAAATCCAT,123,55,AM394536:62,A[15] ,A[3] T[10] ,
FPBPN0069,TTCCGGTGTTAGCAATGACTG,CCCATCCATTCCACACTTTAGA,74,55,AM395005:44,T[3] C[4] ,C[5] ,
FPBPN0070,TTGGAGCGATAGCTTGGTTG,CAGAATGCGAGGGTCGAATA,77,55,AM395031:140,A[2] ,A[3] T[2] ,
FPBPN0071,CGCCCCCTTCTTAAGGAATA,GGCAACACGAGTAGCCTCAA,102,55,AM395145:89,A[6] G[15] ,G[18] ,
FPBPN0072,TGCTGTTCAACCAAACCAGC,ATTGAACGCATAGGACGCAT,70,55,AM395240:25,A[4] ,A[9] C[4] ,
FPBPN0073,TCCATTAGTCAGCTCGGGTCT,ATGAGGATGGCGAGGTTTTC,87,55,AM395241:74,T[1] G[3] ,G[4] ,
FPBPN0074,GCTGGCATTTCATTGCTGTT,AACCACTCTGAGACCAGGGG,95,55,AM395522:178,A[1] T[6] ,T[10] ,
FPBPN0075,TTATGCCCTGACATGTGTCCT,CATAATGGTCCAAGTCCCCC,70,55,AM395670:268,G[7] ,A[3] G[4] ,
FPBPN0076,GGGGTCAAAGGGTTATCTGG,TGTCATCATCATCCCCATGT,70,54,AM395825:13,T[2] C[4] ,C[3] ,
FPBPN0077,GGATGGAGTCAACGGTTCAG,CCACAAGCCGAGTCATTGAA,138,54,AM395894:107,C[2] G[1] ,G[6] ,
FPBPN0078,GTCTGTGGGATGCATTTTCG,TTCGTTTGGAGTTCCCATGA,112,55,AM395931:218,T[9] ,T[1] C[5] ,
FPBPN0079,AGTGCCTATATGTATGCTCATTCG,GCTCAAGGGTTGCTGACAGA,81,55,AT000578:20,A[11] G[7] ,A[24] ,
FPBPN0080,ACCAACTCACTCACAACAGCAA,TGAAACAAATGATGTTTCTTTGG,74,54,AT000824:43,A[3] G[1] ,G[5] ,
FPBPN0081,ATCCGACTTGACAGACCGC,GTAATACGGAGGGTGCAAGC,84,54,AT000911:90,T[45] ,C[4] ,
FPBPN0082,ACGCATGACACTCGACTTCC,AGACGCTTCGAAGGGATGAT,72,55,AT001754:204,C[118] ,T[110] C[206] ,
FPBPN0083,TTAGGATACCCACGTATGGGC,AGCAGTGCTCTTTCCATCCC,78,55,BG543381:281,C[145] ,T[26] C[50] ,
FPBPN0084,ATGGCGTCGTTTCTATCCAC,CATCCAGCAAAGACGATCCA,71,55,BG543402:29,A[47] ,A[12] C[25] ,
FPBPN0085,TGAAGCTGGGGATTACGATG,CCTACATTAGGCTTCACATCCA,76,54,BG543605:177,A[13] ,A[43] T[19] ,
FPBPN0086,ACGACGATATTCAGGGCACA,TCAGCTATTCCTGTGCCAGC,133,55,BG543775:258,C[7] ,T[29] C[15] ,
FPBPN0087,TGGTTGCATTGTAAGCCAAGA,CCTTTGGCTTCTCGGTATCA,104,55,BG543914:103,A[11] G[4] ,G[15] ,
FPBPN0088,AGGGATCAGAGACGGTCCAA,GATCTTGTTGCGTCTGCTCC,83,55,BG544106:45,C[8] ,T[4] ,
FPBPN0089,AAGCTCAAGCTTGGCGAAAT,CCCACATCCCAAACAGTGAA,123,55,BG544146:84,T[7] C[1] ,C[8] ,
FPBPN0090,GACGAGATCGATGTGGACGA,CCTTGAGACGTTTGAGACGC,70,55,BG544401:288,T[4] ,T[3] C[4] ,
FPBPN0091,ATGGTTGCGAGAAGCCTATG,CGAGTGATGGCCCAGTGATA,70,55,BG544660:129,C[3] ,T[2] C[4] ,
FPBPN0092,GAACCTCCTGGAAAACTGGC,TTCTGCAAAAGCCGCTACAG,149,55,BG732260:205,T[14] ,T[8] G[4] ,
FPBPN0093,TGCTGCAATTCCAGAAGGTC,TCTGAGCCATCTTCCGTGTC,74,55,BG732265:86,G[5] ,A[5] G[3] ,
FPBPN0094,ATCGATCCCGTTCATGGTTT,AGCAGCATTCAGCCAGAAAA,70,55,BG732272:185,T[7] ,C[5] ,
FPBPN0095,GGATCAACAAGATGCTTTCG,AAGTCCCCAAAGCCTTACCA,84,54,BQ704624:217,T[14] C[10] ,T[39] ,
FPBPN0096,AGCGAGGAAGAGGGTGAAGA,TCCTGGAAGCTTCTCCTTCAG,138,55,BQ704947:411,A[218] G[70] ,A[183] ,
FPBPN0097,TTATGCAATCCTCTCAGCCG,ATCAGCGGGAGAAACTTCGT,79,55,BQ791200:143,A[2] G[3] ,G[8] ,
FPBPN0098,TGGTTGGTCTGTGCTTTGCT,ATGGTGTGCATTATGCGGAA,88,55,BQ791294:351,T[3] C[1] ,C[7] ,
FPBPN0099,AGAAGAAGTCCTTTTGGCCG,ATCCTCTCCCTCTCCTGACG,79,55,BQ791732:72,A[7] ,A[10] G[4] ,
FPBPN0100,ATGCTTATGTCGCTGTTCCG,CAACTGCTGTCCGCTGTTTT,108,55,CA991555:148,C[1] ,G[7] ,
FPBPN0101,TGCGCTACGTATCCAACTACTG,GCTGTTGCGAGCTGTAGAGAC,80,54,CA991802:116,T[13] G[12] ,G[19] ,
FPBPN0102,GATGCGCCACTGCGTATAAC,AGCACTCCATCATCTTCCCA,71,55,CA991807:39,A[11] ,G[12] ,
FPBPN0103,ACACGTGTCACCTGCGATG,TTCAATGCGCAGAGGAAATC,87,55,CB686157:564,C[2] G[4] ,A[4] C[1] G[1] ,
FPBPN0104,TGTAACACCACCAAGACTCCTC,GCCACACGCGTTACAAAGAG,72,55,CB686317:602,G[9] ,A[6] G[4] ,
FPBPN0105,CATCGCAAGCTGAGATAGCC,ATAAAGTTGCGTTGCCATGAG,70,55,CD812277:45,T[5] C[2] ,T[6] ,
FPBPN0106,GGGAGGAATCAGACGAGGTG,CTCCTGTCCAACGAGAAGCA,108,55,CD812969:76,T[3] C[7] ,C[3] ,
FPBPN0107,ACATTGGTGATGGGGAACCT,AAATCAACAATCTGCTGCCG,127,55,CD813609:255,A[4] T[4] ,T[20] ,
FPBPN0108,TGTTGTCGTTTGCAACTGGA,GCAAGACAAACAGCCAATGC,100,55,CD813650:418,T[2] G[5] ,T[4] ,
FPBPN0109,CAGCAACCCAGATTGCTCAG,ACAATAATCCTTTGGCGCTG,70,55,CD813695:420,T[1] C[3] ,C[5] ,
FPBPN0110,TGAAGGATATCTGACGCTTGCT,CCTTGTAGATGTCTTCAGGCGT,71,55,CD813886:288,A[3] G[10] ,G[19] ,
FPBPN0111,CGGCCTTAGCTATGACCTCC,TTCATCCGCCATCTCAAGTC,79,55,CD814776:449,C[3] ,T[2] C[1] ,
FPBPN0112,AATCGACGTCCACTGTCCAC,TCTGAAGTCAAAAGGGGTGAAA,78,55,CD815438:314,T[7] ,A[4] T[3] ,
FPBPN0113,AGGAAGGAAAGGCTGACGAA,AGCTCAAGCCACTTGGATCTC,74,55,CD816090:413,A[2] G[3] ,A[11] ,
FPBPN0114,TACGCGATGCTCTCGAATCT,TCTCAGAGAGAGCCACTTGCTT,96,55,CD816197:426,T[1] C[2] ,T[2] ,
FPBPN0115,ATTCAAACTCAACCCGCCTC,TTGACGGTGTATCCTCTCCG,80,55,CD816227:26,A[80] ,A[55] C[26] ,
FPBPN0116,GAGTGCTTAACGCCGTGAGA,TCCCCAAAACGTCAAGATCA,110,55,CD816610:84,A[6] ,A[14] C[4] ,
FPBPN0117,TGAGAGACCGCAGCAAGAAC,GATTAGCTCGCTTCAGGGCT,96,55,CD817124:70,T[8] ,T[3] C[7] ,
FPBPN0118,TCGACGCGCTTCCTTATATC,TCTCTTCCTCAACAAGGCGA,81,55,CD818123:167,A[7] ,A[8] G[14] ,
FPBPN0119,CGATGAAGGCCGGAAAGATA,GAGTTGGGTTTTCCTCAGCC,70,55,CD818386:217,A[1] G[3] ,A[10] ,
FPBPN0120,GCTCGAATCGCTTCATATCG,GAAGCTCCACGGCTTGTGTA,83,55,CD818830:214,C[5] ,T[4] C[1] ,
FPBPN0121,GAGACGCAAGATCATGCAGAG,CCAAGAAAGTGCCGGTTCTA,71,55,CD818904:404,G[3] ,A[3] G[1] ,
FPBPN0122,GAGGAGGGTGTGAACGTGGT,CGCTCTGTGGACTCTGCTTC,123,55,CD819103:181,A[8] T[5] ,T[4] ,
FPBPN0123,CCAAAATCAGAGAGTATGAGATCAA,TGGCAATTTGAAGGTAGAGGAG,77,54,CD819668:116,G[4] ,C[4] G[12] ,
FPBPN0124,GGACTTTGTCGAGGGTCCAT,GAGGTGGTGGTACGGGAATC,77,55,CD820114:51,A[11] ,A[11] G[7] ,
FPBPN0125,CAAACCAGCTCTAGTATGTGTGGA,CGCCTTGGTAGCAATCTGTT,76,55,CD821060:319,A[2] ,A[2] T[4] ,
FPBPN0126,CTGTACCAATTAGCATGGGCA,CCTCCTGATTATGGTGGACG,77,54,CD821274:108,A[3] ,A[9] G[4] ,
FPBPN0127,AATCTTAAATCACTCGCCGTCA,CCGTTAAGCTACTTTCTCTGGG,70,54,CD821737:177,T[1] ,C[2] ,
FPBPN0128,GCACCGGCTATGTGAAATGT,AGCAAAGGTCTTCCCACGAC,82,55,CD822368:342,T[2] ,T[4] C[2] ,
FPBPN0129,GCCGCTTGTTCTAATTCCGT,TGTAATAAAGCGACGGAGGC,77,55,CD822772:145,G[1] ,C[3] G[1] ,
FPBPN0130,TTGGCCAAAACAAAATTGTCA,GGGTTCTCGAGCTCAACACAT,70,55,CD823203:520,C[5] ,C[2] G[9] ,
FPBPN0131,CGTCTCATTCGCCGAGTTTA,CGCTGTGAAAGACCATTTGC,88,55,CD823468:196,T[3] ,C[5] ,
FPBPN0132,GGCATCCGGACTGTAACACA,TCAGCTTTGCAATACGAGATGA,76,55,CD823586:247,A[3] G[8] ,G[33] ,
FPBPN0133,ACCTCCGACTCGGTGAAACT,GGGAAATCCACGAACCTCAC,149,55,CD823907:289,G[8] ,A[4] G[14] ,
FPBPN0134,TGCAGGATGGGAATGTGTTC,AGCTTCAGGAGGCATAACACC,74,55,CD824219:474,T[3] ,T[4] C[5] ,
FPBPN0135,CGGCGTAGCAATCCTCATAA,CGAAGGAGGTATTGCAGAACA,75,55,CD824264:361,T[3] ,T[2] C[1] ,
FPBPN0136,CATTTAGCAAACGCCCTGAA,GCTGGTAACAGCTCAAGCCT,104,54,CD824445:244,A[4] ,T[5] ,
FPBPN0137,GTTGGTCTCGCCAAAGGACT,TAGCTGTCTCCGGTGATCCA,96,55,CD824533:147,A[148] ,A[13] C[16] ,
FPBPN0138,TCTCGAGAAGCTCATCGCC,GCTCAGCTAACCAAGCTCCC,74,55,CD824815:320,G[5] ,C[10] ,
FPBPN0139,TCACAACCAGCATTTCCTCAG,TGGTTGTTGAGGAGGGAAGA,101,55,CD824896:676,A[1] ,A[1] G[2] ,
FPBPN0140,TCCGGTTCCTGATGTTTGG,GACGGTGCCGGAGACCAC,70,55,CD825155:76,A[4] ,G[11] ,
FPBPN0141,CCCACCTTTCCACACTTCCT,CGGAAGCACGGAGAGTGTTA,74,55,CD825170:184,A[4] G[2] ,G[6] ,
FPBPN0142,TGAGGAACTTCAGAAAGGATGG,GAGGTGTTCGTGAGCTTCTTT,80,54,CD825317:165,T[6] ,C[4] ,
FPBPN0143,TGCTAGGTGGCTGGTTTCTG,CTTCCCACCCTTGAATGGAT,149,55,CD825355:228,T[8] ,T[1] C[13] ,
FPBPN0144,GCCTAGGCGTCTTGCTCTTC,TTCAAGCTGGTAATCACGGG,94,55,CD825468:291,T[3] ,T[5] C[5] ,
FPBPN0145,AGAGGAACACATAGCAGCCG,TCCAGCGAACCAGCTTATTT,137,54,CD825477:680,C[3] ,T[2] C[7] ,
FPBPN0146,GGCAATTCTTATTCCGTCGTT,CTCAGGACTGCATCTCTGGC,70,55,CD825772:290,A[5] G[4] ,A[16] ,
FPBPN0147,CCCAACCAAGTTTTATCCCC,TCCACGGAGACGGAGACATA,91,55,CD825837:596,T[4] C[3] ,T[4] ,
FPBPN0148,AACCCTTCAACGGCTTCTCT,GGAGGGTGATGAGAAGGCTC,98,54,CD825848:122,G[6] ,A[4] ,
FPBPN0149,ACGCCGAGTATCTCCACTACAC,TCTTTCCCAATCTCCACCAA,88,54,CD826046:346,A[6] ,A[1] G[12] ,
FPBPN0150,AACCTGAGCCAAGTTGTTTTGA,CGATCTTTCGTTCTTGGCCT,80,55,CD826062:254,A[1] C[3] ,A[5] ,
FPBPN0151,CTTGAATCAATGGGCAATGG,AGTAGTGATCCTCGCAGCCA,140,55,CD826135:385,C[4] ,T[3] ,
FPBPN0152,GGTCCCAACGTTCCTTCTGT,GCATGAGCGTCTAAACGAGG,95,55,CD826153:604,A[1] G[5] ,G[9] ,
FPBPN0153,GCCTATCGTGATCTGGGGAT,CATCTGAATGGCCAACTGCT,72,55,CD826543:84,A[7] ,T[6] ,
FPBPN0154,GCCGGTGCTCTAACAAAGTG,TCCCCCTTTCTTCACATTACG,71,55,CD826663:254,A[13] T[3] C[5] ,T[3] C[8] ,
FPBPN0155,TATGGCCTTGAGCGTTATGG,ACGTTAACGGGAACCAGACC,80,55,CD826897:49,A[6] G[3] ,G[10] ,
FPBPN0156,AGTGCGCTTGAAACATTTGG,TCTCCCTCAACGCAATGGTA,97,55,CD826943:540,A[6] ,A[4] G[2] ,
FPBPN0157,TTACCTCCGTGGCGATGTT,GCTGACATCGAGATCAGTTGG,71,55,CD826988:77,T[16] ,T[31] C[31] ,
FPBPN0158,CATTGGATGTGGGATTCTCG,CACGCCATCAAATCTGAACC,123,55,CD827444:392,T[7] C[2] ,G[6] ,
FPBPN0159,AAAGCTGGCAAGGTTAGGGA,GGCCATTGGAACAGACATCA,108,55,CD827541:370,A[3] ,T[2] ,
FPBPN0160,GATTAGATGAGTACGACGAGGAAGA,TTCCTGATAGACTCCTTGATCCTT,100,54,CD827824:544,A[4] ,A[3] G[4] ,
FPBPN0161,AGCTTATGGCTGAGCCTTTG,TCAACAACCAGTCGCAGTTTT,70,54,CD827893:200,C[4] ,T[6] C[1] ,
FPBPN0162,TGGTTGTTCACCAGCCAAGT,TCCTTGACTGGTCCGTGGTA,100,55,CD828069:339,A[2] T[5] G[4] ,G[2] ,
FPBPN0163,AAGAGGGAGATGGGGGAGAG,CACTCTTCCCTTTTGACGCC,70,55,CD828135:187,C[6] G[6] ,A[12] C[10] ,
FPBPN0164,GCTGGTAGGATCGCTGGTTT,CCCACAAGAAAGAGCAGCAG,72,55,CD828159:65,A[5] ,A[7] T[1] G[3] ,
FPBPN0165,GATGATGGCTATGCTGGCTG,ATCTGGCCAAGAACCCATCT,141,55,CD828207:52,T[3] C[4] ,C[17] ,
FPBPN0166,CCTCGCCTTGGCCATCTT,CTGGATCGGTCGGAGATACT,70,55,CD828379:475,T[2] C[3] ,T[2] ,
FPBPN0167,GAGTGCCGTGAAGCTACGAA,ACCATCAAAAGCCTCGACCT,147,55,CD828414:625,G[7] ,A[2] G[7] ,
FPBPN0168,GCTTAGCGGTCGACGAGTTC,TCTCTCATCCAACCGCACAT,70,55,CD828427:150,A[4] ,A[2] G[2] ,
FPBPN0169,CTCCTCGCATGTTCAAATCG,AAGTCGAGAGCATCCTGCTG,79,55,CD828630:399,T[1] C[2] ,T[7] ,
FPBPN0170,AAATCCGATCTTTCGCGTCT,AACCTCAACCACGAGAACCC,84,55,CD828779:254,T[6] ,T[5] G[1] ,
FPBPN0171,CTAAGGAGACGAGGGCTGCT,AGCGCCACTAACAACGTTCA,89,55,CD830765:382,G[17] ,A[2] ,
FPBPN0172,TTTTTAGAGGCGGTTCGGTT,TCTTCTCTCATACTCGCCGC,73,55,CD830797:103,T[117] C[51] ,T[442] ,
FPBPN0173,CGTGTGATTGGAGAAGGTGG,TGAAGACCAGCAGGAGCAAC,71,55,CD831056:668,C[5] ,T[5] ,
FPBPN0174,TGATCAAGTCGGTGAAACTAGTCA,TTTATACCTTTCTTTTTCATCTTGGTC,70,55,CD831476:399,T[3] C[7] ,C[13] ,
FPBPN0175,CTGTTGGCATAGGAAGCAGC,CAGCGAATTGTTCTGGTGTG,93,54,CD831533:218,T[8] C[19] ,C[39] ,
FPBPN0176,GTTCAGTGACCCATTTCAGCA,TTCATAAGTCTTCTTTGTGTTCTCTGA,73,55,CD831618:162,T[4] ,A[5] T[3] ,
FPBPN0177,ATGAGAATCTCTTGATCTACTGTAAAC,TTGAATAGAGAGCGAATGCGA,70,54,CD832109:514,T[4] ,T[2] G[8] ,
FPBPN0178,GGATCCGCACTTCTCGATCT,ATTGGAAAGGGATTTGTCGG,105,55,CD832115:316,G[6] ,A[3] G[4] ,
FPBPN0179,TGTTGAGATTCCTTGGGTGAA,CACAAGGCTTTGGGTCATGT,76,54,CD832274:242,T[1] C[2] ,T[2] ,
FPBPN0180,TTGGACAGTATGGCAATGGA,TCCAGGGCAACGTGAGAATA,80,55,CD832573:464,G[4] ,A[2] G[3] ,
FPBPN0181,TGCAAACCGTTGTCACCTCT,TGTCCTTGATCATCTCCATCG,78,55,CD832875:503,T[5] ,A[2] T[1] ,
FPBPN0182,ACGTCTTCCTCGGACTCCAC,TCTTGGGACGTTTTTGTTGG,104,55,CD832944:456,T[12] ,G[11] ,
FPBPN0183,AGACAGGGAGCATTATCGGC,TCATGTTTGACTTTGTCTCGGA,72,55,CD833235:37,G[29] ,A[19] ,
FPBPN0184,GTCAGGCTTCACTTCTGCGA,AGCCGTCTGATTGTTGAGAT,87,54,CD833273:102,T[7] G[4] ,G[36] ,
FPBPN0185,AGTGCCTATGGCATTTGGTG,TTTAGGCCACCGATGGAGA,72,55,CD833333:405,A[30] ,T[18] ,
FPBPN0186,GAATGGCCAATCTTGAAAGC,CTTCGAAGACGCTTTTGGCT,73,55,CD834702:628,A[5] ,G[4] ,
FPBPN0187,GGGAAGAGAGTGCCAAAAGG,CCTGGTAGAGGTCCATCGCT,106,55,CD834960:54,T[6] C[4] ,C[10] ,
FPBPN0188,GTACAACCAGCGCGTGACTT,TCCTCCCACTAAATCCACCC,79,55,CD835335:493,A[3] G[2] ,G[5] ,
FPBPN0189,AACTTGAACGTGACCGACCA,GAATGAGAGTTGTCCCTTTCCC,70,55,CD835401:483,C[6] ,T[4] C[5] ,
FPBPN0190,GACTCCTGCTGGTGAACCG,TTTCACCACTGCTGCAACCT,70,55,CD835518:190,T[7] ,C[3] ,
FPBPN0191,TGAAGGTTTTTGATGATTCAGTTG,CCCCCTTTTAATGCATTTCC,76,55,CD835605:67,C[8] ,A[13] ,
FPBPN0192,TGTCACTGAAAAGAAAAAGATCACA,AGCCGTGGTCTCTAGCACCT,104,55,CD836101:346,A[1] G[2] ,A[2] ,
FPBPN0193,CACAGGGACGTGTATGTGATAAGA,TTTTTGGTGCTTTGGCGATA,74,55,CD836533:401,A[4] ,A[1] C[2] ,
FPBPN0194,ATGTTGGGAAGCCAACCTTT,GGGTTCTTTAATAAGCTTCACTGAG,104,54,CD836605:513,G[10] ,A[4] ,
FPBPN0195,ACCGGGTTGTTGCTGTGATA,GCATTGCTCATCGCCTCATA,70,55,CD836704:315,G[6] ,T[6] G[2] ,
FPBPN0196,TGTGCCCTGTGAAAAAGACTG,TCTGACCTTATCTGCTTTGCG,70,55,CD837077:42,A[3] G[4] ,A[5] ,
FPBPN0197,CCTGGACTTCGTGGTGAGC,CCCCCATAGTCGTTCCAGTT,84,55,CD837613:495,C[7] ,C[1] G[5] ,
FPBPN0198,GGAGAGGAGGCGTTGATGAT,TCTTCACCGTATCCGAAGCC,70,55,CD838691:550,A[1] G[2] ,G[9] ,
FPBPN0199,CAAAAGCCTCCGGAAATGAT,CATGGCAGGCAAGTAGGAGA,121,55,CD840751:214,C[2] ,T[4] C[2] ,
FPBPN0200,TACCCGCGTGTTTTCTCTTC,GCCAGAGATTGACGGAACCT,70,55,CD841306:206,C[20] G[30] ,G[115] ,
FPBPN0201,CTCGTGAAAAAGCGGAGTTG,TGACGAGCTCTCTCTTCCCA,73,55,CD841741:680,T[3] C[6] ,C[5] ,
FPBPN0202,GACTTCCAATCCTTGGTGGG,TTTTGGGTTTGTAGCCCCTT,87,55,CD843735:521,T[18] C[1] ,T[9] ,
FPBPN0203,GACAATGGTTACAAAAGGTTTGA,CCTCTGATGTTCCATTGCCTT,77,55,CD845120:61,A[3] G[6] ,A[8] ,
FPBPN0204,CCTCGACCACCGAAGGTAAC,GCGTTGAATTTGGAGCGTAG,101,55,CK991399:232,T[3] ,T[1] C[6] ,
FPBPN0205,CTTGGTAACGTCAGGATCGG,TGGAGGGATGTCGATCAGAA,72,55,CK991432:324,C[4] ,C[6] G[3] ,
FPBPN0206,CAAGAGAGGATCGAGGGGAG,CTCCGCAAGCTTCTGTAACG,114,55,CN725982:171,A[16] ,A[13] G[8] ,
FPBPN0207,TTTCTAGTCTTTAGACGCTGCCA,GACCACACTGTCGCAAGGAA,70,55,CN726414:616,G[2] ,C[4] G[1] ,
FPBPN0208,ACTTCGATGTTTTCTCCGGG,CAAGCTCAGCTAGCGAATGG,72,55,CN727097:109,A[3] G[1] ,G[4] ,
FPBPN0209,GCTTGACTTTTGGATGCCAC,ATCTGATCCCCACCGGTCT,73,55,CN727107:21,C[5] ,T[8] ,
FPBPN0210,TGCTCATGCTGTTGGGTTCT,TCCACCAGTGGTACCAAACC,88,55,CN727180:286,T[20] C[2] ,T[20] ,